{
    "rmse": 0.1783152843025392,
    "mae": 0.0790179000587045,
    "r2": 0.9994878782165686
}